{"cameraMode":{"drawMode":0,"name":"Shaded","section":"Shading Mode"},"sceneLighting":true,"audioPlay":false,"sceneViewState":{"m_AlwaysRefresh":false,"showFog":true,"showSkybox":true,"showFlares":true,"showImageEffects":true,"showParticleSystems":true,"showVisualEffectGraphs":true,"m_FxEnabled":true},"in2DMode":false,"pivot":{"x":353.4105529785156,"y":-0.49778270721435549,"z":106.70420837402344},"rotation":{"x":-0.2623569667339325,"y":0.6106868386268616,"z":-0.22486521303653718,"w":-0.7125102877616882},"size":10.993184089660645,"orthographic":false}